{
    "loss": 28.2307186126709,
    "accuracy": 0.5686274766921997
}