{
    "loss": 8.196316719055176,
    "accuracy": 0.5686274766921997
}